Part Number,Hang,Skid,Revision Number
01901000-1298,"",False,0
01901000-1299,"",False,0
02250251-565,"",False,0
02250256-826,False,False,0
8-1026,False,False,0
8-1027,False,False,0
AIRC-2630 MOD,"",False,""
DHWARE-DR0002,"",False,0
ENCLOSURE A PANELS,False,False,0
ENCLOSURE B PANELS,False,False,0
ENCLOSURE C PANELS,False,False,0
FG,False,False,""
PHIL-9898-012-20367,"",False,02
PHIL-9898-012-20367-CV,"",False,02
SPI-00121-008,False,"",05
SPI-00195-010,False,"",04
SPI-00195-010S1,False,"",03
SPI-00195-010SG,False,"",05
SPI-00195-013,"","",04
SPI-00195-013-S,"","",0
SPI-00195-051,False,"",05
SPI-00195-101,False,"",06
SPI-00195-31,False,"",03
SPI-00195-316,False,"",02
SPI-00195-316-S,False,"",02
SPI-00195-317,False,"",06
SPI-00195-317-P,False,"",06
SPI-00195-317-PTB,False,"",06
SPI-00195-317-S,False,"",06
SPI-00195-318,False,"",04
SPI-00195-326,False,"",05
SPI-00195-330,False,"",03
SPI-00195-331,False,"",04
SPI-00195-332,False,"",00
SPI-00320-004,False,"",00
SPI-0048-006,False,"",05
SPI-00488-025,False,"",05
SPI-00488-044-SUN,False,"",03
SPI-00488-045-SUN,False,"",02
SPI-00488-046-SUN,False,"",02
SPI-00488-061M,False,"",01
SPI-00488-064,False,"",00
SPI-00488-064-P,False,"",00
SPI-00488-064-PTB,False,"",00
SPI-00488-064-S,False,"",00
SPI-00488-064-SUN,False,"",00
SPI-00488-065,False,"",01
SPI-00488-065-P,False,"",01
SPI-00488-065-PTB,False,"",01
SPI-00488-065-S,False,"",01
SPI-00488-065-SUN,False,"",01
SPI-00488-066,False,"",00
SPI-00488-066-P,False,"",00
SPI-00488-066-PTB,False,"",00
SPI-00488-066-S,False,"",00
SPI-00488-066-SUN,False,"",00
SPI-00488-067,False,"",00
SPI-00488-067-P,False,"",00
SPI-00488-067-PTB,False,"",00
SPI-00488-067-S,False,"",00
SPI-00488-067-SUN,False,"",00
SPI-00488-068,False,"",00
SPI-00488-068-P,False,"",00
SPI-00488-068-PTB,False,"",00
SPI-00488-068-S,False,"",00
SPI-00488-068-SUN,False,"",00
SPI-00488-070,False,"",00
SPI-00488-070-P,False,"",00
SPI-00488-070-PTB,False,"",00
SPI-00488-070-S,False,"",00
SPI-00488-070-SUN,False,"",00
SPI-00488-071,False,"",00
SPI-00488-071-P,False,"",00
SPI-00488-071-PTB,False,"",00
SPI-00488-071-S,False,"",00
SPI-00488-071-SUN,False,"",00
SPI-00488-072,False,"",00
SPI-00488-072-P,False,"",00
SPI-00488-072-PTB,False,"",00
SPI-00488-072-S,False,"",00
SPI-00488-072-SUN,False,"",00
SPI-00488-074,False,"",00
SPI-00488-074-P,False,"",00
SPI-00488-074-PTB,False,"",00
SPI-00488-074-S,False,"",00
SPI-00488-074-SUN,False,"",00
SPI-00488-075,False,"",00
SPI-00488-075-P,False,"",00
SPI-00488-075-PTB,False,"",00
SPI-00488-075-S,False,"",00
SPI-00488-075-SUN,False,"",00
SPI-00488-076,False,"",00
SPI-00488-076-P,False,"",00
SPI-00488-076-PTB,False,"",00
SPI-00488-076-S,False,"",00
SPI-00488-076-SUN,False,"",00
SPI-00489-035,False,False,02
SPI-00489-035M,"","",00
SPI-00489-035M-P,"","",00
SPI-00489-035M-S,"","",00
SPI-00489-035M-SUN,"","",00
SPI-00489-035-P,"","",02
SPI-00489-035-PTB,"","",02
SPI-00489-035-S,"","",02
SPI-00489-035-SUN,"","",02
SPI-00489-037,False,"",02
SPI-00489-037-P,False,"",02
SPI-00489-037-PTB,False,"",02
SPI-00489-037-S ,False,"",02
SPI-00489-037-SUN,False,"",02
SPI-00489-039,False,"",02
SPI-00489-039-P,False,"",02
SPI-00489-039-PTB,False,"",02
SPI-00489-039-S,False,"",02
SPI-00489-039-SUN,False,"",02
SPI-00489-054,"","",02
SPI-00489-055,False,"",02
SPI-00489-055-P,False,"",02
SPI-00489-055-PTB,False,"",02
SPI-00489-055-S,False,"",02
SPI-00489-055-SUN,False,"",02
SPI-00489-056,False,False,02
SPI-00489-056-P,"","",02
SPI-00489-056-PTB,"","",02
SPI-00489-056-S,"","",02
SPI-00489-056-SUN,"","",02
SPI-00489-058,False,"",01
SPI-00489-058-P,False,"",01
SPI-00489-058-PTB,False,"",01
SPI-00489-058-S,False,"",01
SPI-00489-058-SUN,False,"",01
SPI-00489-061,False,False,0
SPI-00489-061-P,False,"",00
SPI-00489-061-PTB,False,"",00
SPI-00489-061-S,False,"",00
SPI-00489-061-SUN,False,"",00
SPI-00489-062,False,"",00
SPI-00489-062M,False,"",00
SPI-00489-062M-C,False,"",00
SPI-00489-062M-C-P,False,"",00
SPI-00489-062M-C-PTB,False,"",00
SPI-00489-062M-C-S,False,"",00
SPI-00489-062M-C-SUN,False,"",00
SPI-00489-062M-P,False,"",00
SPI-00489-062M-PTB,False,"",00
SPI-00489-062M-S,False,"",00
SPI-00489-062M-SUN,False,"",00
SPI-00489-063,"","",00
SPI-00489-063-P,False,"",00
SPI-00489-063-PTB,False,"",00
SPI-00489-063-S,False,"",00
SPI-00489-063-SUN,False,"",00
SPI-00489-064,False,"",00
SPI-00489-064M,False,"",00
SPI-00489-064M-P,False,"",00
SPI-00489-064M-PTB,False,"",00
SPI-00489-064M-S,False,"",00
SPI-00489-064M-SUN,False,"",00
SPI-00489-077,False,"",00
SPI-00489-077-P,False,"",00
SPI-00489-077-PTB,False,"",00
SPI-00489-077-S,False,"",00
SPI-00489-077-SUN,False,"",00
SPI-00489M-C,False,"",00
SPI-00489M-C-P,False,"",00
SPI-00489M-C-PTB,False,"",00
SPI-00489M-C-S,False,"",00
SPI-00489M-C-SUN,False,"",00
SPI-00935-016,False,"",01
SPI-00935-018,False,"",01
SPI-00935-024,False,False,0
SPI-00944-LSC,False,"",00
SPI-00947-013,False,"",04
SPI-00947-013-BLK,False,"",04
SPI-00947-013-P,False,"",04
SPI-00947-013-PTB,False,"",04
SPI-00947-013-S,False,"",04
SPI-00947-013-SUN,False,"",04
SPI-00947-014,False,"",13
SPI-00947-014-CES,False,"",13
SPI-00947-014-P,False,"",13
SPI-00947-014-PTB,False,False,13
SPI-00947-014-S,False,"",13
SPI-00947-017A,False,"",00
SPI-00947-017A-P,False,"",00
SPI-00947-017A-PTB,False,"",00
SPI-00947-017A-S,False,"",00
SPI-00947-018,False,"",07
SPI-00947-018-CES,False,"",07
SPI-00947-018-P,False,"",07
SPI-00947-018-PTB,False,False,07
SPI-00947-018Q1,False,"",00
SPI-00947-018Q1-CES,False,"",00
SPI-00947-018Q1-P,False,"",00
SPI-00947-018Q1-PTB,False,"",00
SPI-00947-018Q1-S,False,"",00
SPI-00947-018Q1-SUN,False,"",00
SPI-00947-018-S,False,"",07
SPI-00947-018-SUN,False,"",07
SPI-00947-024,False,"",07
SPI-00947-024-BLK,False,"",07
SPI-00947-024-P,False,"",07
SPI-00947-024--PTB,False,"",07
SPI-00947-024-S,False,"",07
SPI-00947-040,False,"",01
SPI-00947-040-R,False,"",00
SPI-00947-040-S,False,"",00
SPI-00947-040-SUN,False,"",00
SPI-00947-041,False,"",01
SPI-00947-041-SUN,False,"",01
SPI-00947-042-SUN,False,"",01
SPI-00947-042-SUN-TEAL,False,"",01
SPI-00947-045,False,False,04
SPI-00947-045-2,False,"",04
SPI-00947-045P,False,"",04
SPI-00947-046,False,"",04
SPI-00947-047,False,False,00
SPI-00947-047P,False,"",00
SPI-00947-047-S,False,"",00
SPI-00947-052,False,"",00
SPI-00947-052P,False,"",00
SPI-00947-052S,False,"",00
SPI-00947-054,False,"",01
SPI-00947-056,False,"",01
SPI-00947-056-P,False,"",01
SPI-00947-056-S,False,"",01
SPI-00947-056-SUN,False,"",01
SPI-00947-057,False,"",03
SPI-00947-057-P,False,"",03
SPI-00947-057-PTB,False,"",03
SPI-00947-057-S,False,"",03
SPI-00947-057-SUN,False,"",03
SPI-00947-058,False,"",02
SPI-00947-058-P,False,"",02
SPI-00947-058-S,False,"",02
SPI-00947-061,False,"",00
SPI-00947-061-P,False,"",00
SPI-00947-061-S,False,"",00
SPI-00947-061-SUN,False,"",00
SPI-00947-063,False,"",00
SPI-00947-063-P,False,"",00
SPI-00947-063-S,False,"",00
SPI-00947-063-SUN,False,"",00
SPI-00947-065,False,"",02
SPI-00947-065-P,False,"",02
SPI-00947-065-PTB,False,"",02
SPI-00947-065-S,False,"",02
SPI-00947-065-SUN,False,"",02
SPI-00947-073,False,"",01
SPI-00951-067,False,"",00
SPI-00951-068,False,"",00
SPI-00951-069,False,"",00
SPI-00951-070,False,"",00
SPI-00951-071,False,"",00
SPI-00951-072,False,"",00
SPI-00951-075,False,"",00
SPI-00992-015,False,"",06
SPI-01153-005,False,"",02
SPI-01153-005-SUN,False,"",02
SPI-01153-008,False,False,0
SPI-01153-011,"","",01
SPI-01153-011-P,"","",01
SPI-01153-011-S,"","",01
SPI-01153-011-SUN,False,"",01
SPI-01153-012,False,"",00
SPI-01153-012-P,False,"",00
SPI-01153-012-S,False,"",00
SPI-01153-012-SUN,False,"",00
SPI-01153-013,False,"",00
SPI-01153-014,False,"",01
SPI-01153-024,False,"",00
SPI-01153-025,"",False,0
SPI-01153-025-BLK,False,"",00
SPI-01153-025-P,False,"",00
SPI-01153-025-PTB,False,"",00
SPI-01153-025-S,False,"",00
SPI-01153-025-SUN,False,"",00
SPI-01153-026,False,"",00
SPI-01153-028,False,"",00
SPI-01153-028-BLK,False,"",00
SPI-01153-028-P,False,"",00
SPI-01153-028-PTB,False,"",00
SPI-01153-028-S,False,"",00
SPI-01153-028-SUN,False,"",00
SPI-01681-003,False,"",01
SPI-01681-003-P,False,"",01
SPI-01681-003-S,False,"",01
SPI-01681-003-SUN,False,"",01
SPI-01681-007,False,"",04
SPI-01681-007-CES,False,"",04
SPI-01681-007-P,False,"",04
SPI-01681-007-PTB,False,False,04
SPI-01681-007-S,False,"",04
SPI-01681-007-SUN,False,"",04
SPI-01681-008,False,"",08
SPI-01681-008-CES,False,"",08
SPI-01681-008-P,False,"",08
SPI-01681-008-PTB,False,False,08
SPI-01681-008-S,False,"",08
SPI-01681-008-SUN,False,"",08
SPI-01681-012,False,"",05
SPI-01681-012-P,False,"",05
SPI-01681-012-PTB,False,"",05
SPI-01681-012-S,False,"",05
SPI-01681-012-SUN,False,"",05
SPI-01681-013,False,"",03
SPI-01681-013-P,False,"",03
SPI-01681-013-S,False,"",03
SPI-01681-013-SUN,False,"",03
SPI-01681-014,False,"",04
SPI-01681-014-CES,False,"",04
SPI-01681-014-P,False,"",04
SPI-01681-014-PTB,False,False,04
SPI-01681-014-S,False,"",04
SPI-01681-014-SUN,False,"",04
SPI-01681-020,False,"",06
SPI-01681-020-CES,False,"",06
SPI-01681-020-P,False,"",06
SPI-01681-020-PTB,False,False,06
SPI-01681-020-S,False,"",06
SPI-01681-020-SUN,False,"",06
SPI-01681-022,False,"",00
SPI-01681-022-P,False,"",00
SPI-01681-022-PB,False,"",00
SPI-01681-022-S,False,"",00
SPI-01681-022-SUN,False,"",00
SPI-01681-023,False,"",00
SPI-01681-023-CES,False,"",00
SPI-01681-023-P,False,"",00
SPI-01681-023-PTB,False,"",00
SPI-01681-023-S,False,"",00
SPI-01681-023-SUN,False,"",00
SPI-01900104 0285,False,"",02
SPI-01900104 0285G,False,"",02
SPI-01900104 0285GRAY,False,"",02
SPI-01900104 0285GT,False,"",02
SPI-01900104 0285OT,False,"",02
SPI-01900104 0285RG,False,"",02
SPI-01900104 0285W,False,"",02
SPI-01900104 0285WM,False,"",02
SPI-01900104 0288,False,"",01
SPI-01900104-0285,"",False,""
SPI-01900216 0383,False,"",01
SPI-01900216 0603,False,"",02
SPI-01900216 0607,False,False,02
SPI-01900216 0608,False,"",01
SPI-01900216 0610,False,"",01
SPI-01900216 0616,False,"",00
SPI-01900216 0618,False,"",00
SPI-01900216 0619,False,"",02
SPI-01900216 0620,False,"",01
SPI-01900216 0621,False,"",01
SPI-01900216 0623,False,"",03
SPI-01900216 0627,False,"",05
SPI-01900216 0628,False,"",03
SPI-01900216 0629,False,"",03
SPI-01900216 0630,False,"",01
SPI-01900216 0632,False,"",03
SPI-01900216 0636,False,"",00
SPI-01900216 0637,False,"",00
SPI-01900216 0639,False,"",00
SPI-01900216 0642,False,"",01
SPI-01900216 0643,False,"",00
SPI-01900216 0645,False,"",01
SPI-01900216 0646,False,"",00
SPI-01900216 0648,False,"",00
SPI-01900216 0649,False,"",00
SPI-01900216 0650,False,"",00
SPI-01900216 0652,False,"",00
SPI-01900216 0653,False,"",00
SPI-01900216 0654,False,"",00
SPI-01900216 0655,False,"",00
SPI-01900216 0658,False,"",00
SPI-01900216 0659,False,"",02
SPI-01900216 0661,False,"",00
SPI-01900216 0671,False,"",01
SPI-01900216 0672,False,"",00
SPI-01900216 0691,False,"",01
SPI-01900216 0775,False,"",00
SPI-01900216 0806,False,"",00
SPI-01900216 0869,False,"",03
SPI-01900216 0872,False,"",00
SPI-01900216 0877,False,"",00
SPI-01900216 0878,False,"",00
SPI-01900216 0889,False,"",00
SPI-01900216 0890,False,"",00
SPI-01900216 0895,False,"",00
SPI-01900216 0897,False,"",00
SPI-01900216-0607,"",False,""
SPI-01900216-0629,"",False,""
SPI-01900216-0658,"",False,""
SPI-01900216-0659,"",False,""
SPI-01900264 0039,False,"",01
SPI-01900264 0039GT,False,"",01
SPI-01900264 0039W,False,"",01
SPI-01900384 0037,False,"",10
SPI-01900384 0037BG,False,"",10
SPI-01900384 0037DT,False,"",10
SPI-01900384 0037GYT,False,"",10
SPI-01900384 0037KB,False,"",10
SPI-01900384 0037MG,False,"",10
SPI-01900384 0037PB,False,"",10
SPI-01900384 0037W,False,"",10
SPI-01900384 0038,False,"",11
SPI-01900384 0038BG,False,"",11
SPI-01900384 0038DT,False,"",11
SPI-01900384 0038GYT,False,"",11
SPI-01900384 0038KB,False,"",11
SPI-01900384 0038MG,False,"",11
SPI-01900384 0038PB,False,"",11
SPI-01900384 0038W,False,"",11
SPI-01900384 0039,False,"",04
SPI-01900384 0039BG,False,"",04
SPI-01900384 0039DT,False,"",04
SPI-01900384 0039GYT,False,"",04
SPI-01900384 0039KB,False,"",04
SPI-01900384 0039MG,False,"",04
SPI-01900384 0039PB,False,"",04
SPI-01900384 0039W,False,"",04
SPI-01900384 0040,False,"",04
SPI-01900384 0040BG,False,"",04
SPI-01900384 0040DT,False,"",04
SPI-01900384 0040GYT,False,"",04
SPI-01900384 0040KB,False,"",04
SPI-01900384 0040MG,False,"",04
SPI-01900384 0040PB,False,"",04
SPI-01900384 0040W,False,"",04
SPI-01900384-0038W,False,False,0
SPI-01900416 0059,False,"",05
SPI-01900416 0120,False,"",00
SPI-01900416 0162,False,"",01
SPI-01900480 0038,False,"",01
SPI-01900480 0038BG,False,"",01
SPI-01900480 0038DT,False,"",01
SPI-01900480 0038KB,False,"",01
SPI-01900480 0038MG,False,"",01
SPI-01900480 0038OT,False,"",01
SPI-01900480 0038PB,False,"",01
SPI-01900480 0038W,False,"",01
SPI-01900480 0046,False,"",02
SPI-01900480-0038W,"",False,""
SPI-01900485 0030,False,"",05
SPI-01900485 0030B,False,"",05
SPI-01900485 0030DY,False,"",05
SPI-01900485 0030G,False,"",05
SPI-01900485 0030GRT,False,"",05
SPI-01900485 0030GY,False,"",05
SPI-01900485 0030KB,False,"",05
SPI-01900485 0030OO,False,"",05
SPI-01900485 0030PB,False,"",05
SPI-01900485 0030RT,False,"",05
SPI-01900485 0030SG,False,"",05
SPI-01900485 0030SY,False,"",05
SPI-01900485 0030W,False,"",05
SPI-01900485 0030YS,False,"",05
SPI-01900485 0030YT,False,"",05
SPI-01900485 0045,False,"",04
SPI-01900485 0045G,False,"",04
SPI-01900485 0045GRAY,False,"",04
SPI-01900485 0045GT,False,"",04
SPI-01900485 0045OT,False,"",04
SPI-01900485 0045RG,False,"",04
SPI-01900485 0045W,False,"",04
SPI-01900485 0045WM,False,"",04
SPI-01900485 0056,False,"",04
SPI-01900485 0056G,False,"",04
SPI-01900485 0056GRAY,False,"",04
SPI-01900485 0056GT,False,"",04
SPI-01900485 0056OT,False,False,04
SPI-01900485 0056RG,False,"",04
SPI-01900485 0056W,False,"",04
SPI-01900485 0056WM,False,"",04
SPI-01900485-0030W,False,False,0
SPI-01900485-0045,"",False,""
SPI-01900485-0056,"",False,""
SPI-01900702 0156,False,"",02
SPI-01900702 0157,False,"",02
SPI-01900702 0158,False,"",02
SPI-01900702 0159,False,"",02
SPI-01900702 0160,False,"",02
SPI-01900702 0161,False,"",02
SPI-01900702 0162,False,"",02
SPI-01900702 0163,False,"",02
SPI-01900702 0164,False,"",02
SPI-01900702 0165,False,"",02
SPI-01900702 0166,False,"",02
SPI-01900702 0170,False,"",03
SPI-01900702 0177,False,"",01
SPI-01900702 0178,False,"",01
SPI-01900702 0181,False,"",01
SPI-01900702 0182,False,"",02
SPI-01900702 0184,False,"",01
SPI-01900702 0185,False,"",01
SPI-01900702 0214,False,"",00
SPI-01900702 0229,False,"",00
SPI-01900702 0231,False,"",00
SPI-01900702 0232,False,"",01
SPI-01900702 0233,False,"",00
SPI-01900702 0243,False,"",00
SPI-01900702 0244,False,"",00
SPI-01900702 0245,False,"",00
SPI-01900702 0246,False,"",00
SPI-01900702 0247,False,"",00
SPI-01900702 0248,False,"",00
SPI-01900702 0249,False,"",00
SPI-01900702 0250,False,"",00
SPI-01900702 0251,False,"",00
SPI-01900702 0252,False,"",00
SPI-01900702 0253,False,"",00
SPI-01901000 0552,False,"",12
SPI-01901000 0553,False,"",10
SPI-01901000 0706,False,"",0
SPI-01901000 0718,False,"",04
SPI-01901000 0719,False,"",04
SPI-01901000 0820,False,"",03
SPI-01901000 0821,False,"",01
SPI-01901000 0822,False,"",06
SPI-01901000 0823,False,"",05
SPI-01901000 0834,False,"",01
SPI-01901000 0840,False,"",03
SPI-01901000 0840G,False,"",03
SPI-01901000 0840GRAY,False,"",03
SPI-01901000 0840GT,False,"",03
SPI-01901000 0840OT,False,"",03
SPI-01901000 0840RG,False,"",03
SPI-01901000 0840W,False,"",03
SPI-01901000 0840WM,False,"",03
SPI-01901000 0841,False,"",06
SPI-01901000 0841G,False,"",06
SPI-01901000 0841GRAY,False,"",06
SPI-01901000 0841GT,False,"",06
SPI-01901000 0841OT,False,False,06
SPI-01901000 0841RG,False,"",06
SPI-01901000 0841W,False,"",06
SPI-01901000 0841WM,False,"",06
SPI-01901000 0842,False,"",03
SPI-01901000 0842G,False,"",03
SPI-01901000 0842GRAY,False,False,03
SPI-01901000 0842GT,False,"",03
SPI-01901000 0842OT,False,"",03
SPI-01901000 0842RG,False,"",03
SPI-01901000 0842W,False,"",03
SPI-01901000 0842WM,False,"",03
SPI-01901000 0843,False,"",03
SPI-01901000 0843G,False,"",03
SPI-01901000 0843GRAY,False,"",03
SPI-01901000 0843GT,False,"",03
SPI-01901000 0843OT,False,"",03
SPI-01901000 0843RG,False,"",03
SPI-01901000 0843W,False,"",03
SPI-01901000 0843WM,False,"",03
SPI-01901000 0845,False,"",06
SPI-01901000 0845G,False,"",06
SPI-01901000 0845GRAY,False,"",06
SPI-01901000 0845GT,False,"",06
SPI-01901000 0845OT,False,False,06
SPI-01901000 0845RG,False,"",06
SPI-01901000 0845W,False,"",06
SPI-01901000 0845WM,False,"",06
SPI-01901000 0846,False,"",05
SPI-01901000 0846G,False,"",05
SPI-01901000 0846GRAY,False,False,05
SPI-01901000 0846GT,False,"",05
SPI-01901000 0846OT,False,"",05
SPI-01901000 0846RG,False,"",05
SPI-01901000 0846W,False,"",05
SPI-01901000 0846WM,False,"",05
SPI-01901000 0848,"","",03
SPI-01901000 0848G,"","",03
SPI-01901000 0848GRAY,"","",03
SPI-01901000 0848GT,"","",03
SPI-01901000 0848OT,"","",03
SPI-01901000 0848RG,"","",03
SPI-01901000 0848W,"","",03
SPI-01901000 0848WM,"","",03
SPI-01901000 0849,False,"",02
SPI-01901000 0849G,False,"",02
SPI-01901000 0849GRAY,False,"",02
SPI-01901000 0849GT,False,"",02
SPI-01901000 0849OT,False,"",02
SPI-01901000 0849RG,False,"",02
SPI-01901000 0849W,False,"",02
SPI-01901000 0849WM,False,"",02
SPI-01901000 0850,"","",02
SPI-01901000 0850G,"","",02
SPI-01901000 0850GRAY,"","",02
SPI-01901000 0850GT,"","",02
SPI-01901000 0850OT,"","",02
SPI-01901000 0850RG,"","",02
SPI-01901000 0850W,"","",02
SPI-01901000 0850WM,"","",02
SPI-01901000 0855,False,"",04
SPI-01901000 0855G,False,"",04
SPI-01901000 0855GRAY,False,"",04
SPI-01901000 0855GT,False,"",04
SPI-01901000 0855OT,False,False,04
SPI-01901000 0855RG,False,"",04
SPI-01901000 0855W,False,"",04
SPI-01901000 0855WM,False,"",04
SPI-01901000 0860,False,"",02
SPI-01901000 0860G,False,"",02
SPI-01901000 0860GRAY,False,"",02
SPI-01901000 0860GT,False,"",02
SPI-01901000 0860OT,False,False,02
SPI-01901000 0860RG,False,"",02
SPI-01901000 0860W,False,"",02
SPI-01901000 0860WM,False,"",02
SPI-01901000 0862,False,"",02
SPI-01901000 0862G,False,"",02
SPI-01901000 0862GRAY,False,"",02
SPI-01901000 0862GT,False,"",02
SPI-01901000 0862OT,False,"",02
SPI-01901000 0862RG,False,"",02
SPI-01901000 0862W,False,"",02
SPI-01901000 0862WM,False,"",02
SPI-01901000 0912,False,"",02
SPI-01901000 0918,False,"",03
SPI-01901000 0918GT,False,"",03
SPI-01901000 0918RG,False,"",03
SPI-01901000 0918WM,False,"",03
SPI-01901000 0919,False,"",03
SPI-01901000 0919GT,False,"",03
SPI-01901000 0919RG,False,"",03
SPI-01901000 0919WM,False,"",03
SPI-01901000 0920,False,"",03
SPI-01901000 0920GT,False,"",03
SPI-01901000 0920RG,False,"",03
SPI-01901000 0920WM,False,"",03
SPI-01901000 0921,False,"",03
SPI-01901000 0921GT,False,"",03
SPI-01901000 0921RG,False,"",03
SPI-01901000 0921WM,False,"",03
SPI-01901000 0922,False,"",04
SPI-01901000 0922GT,False,"",04
SPI-01901000 0922RG,False,"",04
SPI-01901000 0922WM,False,"",04
SPI-01901000 0923,False,"",03
SPI-01901000 0923GT,False,"",03
SPI-01901000 0923RG,False,"",03
SPI-01901000 0923WM,False,"",03
SPI-01901000 0924,False,"",03
SPI-01901000 0924GT,False,"",03
SPI-01901000 0924RG,False,"",03
SPI-01901000 0924WM,False,"",03
SPI-01901000 0925,False,"",03
SPI-01901000 0925GT,False,"",03
SPI-01901000 0925RG,False,"",03
SPI-01901000 0925WM,False,"",03
SPI-01901000 0931,False,"",03
SPI-01901000 0931GRAY,False,"",03
SPI-01901000 0932,False,"",03
SPI-01901000 0932GRAY,False,"",03
SPI-01901000 0933,False,"",03
SPI-01901000 0933GRAY,False,"",03
SPI-01901000 0934,False,"",03
SPI-01901000 0934GRAY,False,"",03
SPI-01901000 0935,False,"",04
SPI-01901000 0935GRAY,False,"",04
SPI-01901000 0936,False,"",02
SPI-01901000 0936GRAY,False,"",02
SPI-01901000 0937,"","",03
SPI-01901000 0937GT,False,"",03
SPI-01901000 0937RG,False,"",03
SPI-01901000 0937WM,False,"",03
SPI-01901000 0938,False,"",06
SPI-01901000 0938GT,False,"",06
SPI-01901000 0938RG,False,"",06
SPI-01901000 0938WM,False,"",06
SPI-01901000 0939,False,"",06
SPI-01901000 0939GRAY,False,"",06
SPI-01901000 0939GT,False,"",06
SPI-01901000 0939RG,False,"",06
SPI-01901000 0939WM,False,"",06
SPI-01901000 0940,False,"",05
SPI-01901000 0940GRAY,False,"",05
SPI-01901000 0940GT,False,"",05
SPI-01901000 0940RG,False,"",05
SPI-01901000 0940WM,False,"",05
SPI-01901000 0941,False,"",05
SPI-01901000 0941GRAY,False,"",05
SPI-01901000 0941GT,False,"",05
SPI-01901000 0941RG,False,"",05
SPI-01901000 0941WM,False,"",05
SPI-01901000 0942GRAY,False,"",05
SPI-01901000 0943,False,"",05
SPI-01901000 0943GRAY,False,"",05
SPI-01901000 0944,False,"",04
SPI-01901000 0944GT,False,"",04
SPI-01901000 0944RG,False,"",04
SPI-01901000 0944WM,False,"",04
SPI-01901000 0945,False,"",05
SPI-01901000 0945BT,False,"",05
SPI-01901000 0945GRAY,False,"",05
SPI-01901000 0945GT,False,"",05
SPI-01901000 0945RG,False,"",05
SPI-01901000 0945SR,False,"",05
SPI-01901000 0945WG,False,"",05
SPI-01901000 0945WM,False,"",05
SPI-01901000 0945YG,False,"",05
SPI-01901000 0946,False,"",03
SPI-01901000 0947,False,"",03
SPI-01901000 0948,False,"",01
SPI-01901000 0971,False,"",02
SPI-01901000 0971GT,False,"",02
SPI-01901000 0971RG,False,"",02
SPI-01901000 0971WM,False,"",02
SPI-01901000 0972,False,"",01
SPI-01901000 0972GT,False,"",01
SPI-01901000 0973,False,"",02
SPI-01901000 0974,False,"",03
SPI-01901000 0975,False,"",02
SPI-01901000 0975GRAY,False,"",02
SPI-01901000 0976,False,"",05
SPI-01901000 0976GRAY,False,"",05
SPI-01901000 0984,False,"",03
SPI-01901000 0985,False,"",02
SPI-01901000 0985GT,False,"",02
SPI-01901000 0985RG,False,"",02
SPI-01901000 0985WM,False,"",02
SPI-01901000 0986,False,"",02
SPI-01901000 0986GT,False,"",02
SPI-01901000 0986RG,False,"",02
SPI-01901000 0986WM,False,"",02
SPI-01901000 0989,False,"",01
SPI-01901000 0990,False,"",07
SPI-01901000 0990DT,False,"",07
SPI-01901000 0990GT,False,"",07
SPI-01901000 0990KB,False,"",07
SPI-01901000 0990MG,False,"",07
SPI-01901000 0990OT,False,"",07
SPI-01901000 0990PB,False,"",07
SPI-01901000 0990W,False,"",07
SPI-01901000 0996,False,"",01
SPI-01901000 0997,False,"",00
SPI-01901000 0998,False,"",01
SPI-01901000 0998GT,False,"",01
SPI-01901000 0998RG,False,"",01
SPI-01901000 0998WM,False,"",01
SPI-01901000 0999,False,"",02
SPI-01901000 0999GT,False,"",02
SPI-01901000 0999RG,False,"",02
SPI-01901000 0999SR,False,"",02
SPI-01901000 0999WM,False,"",02
SPI-01901000 1003,False,"",00
SPI-01901000 1003GRAY,False,"",00
SPI-01901000 1003GT,False,"",00
SPI-01901000 1003WM,False,"",00
SPI-01901000 1004,False,"",00
SPI-01901000 1004GRAY,False,"",00
SPI-01901000 1004GT,False,"",00
SPI-01901000 1004WM,False,"",00
SPI-01901000 1005,False,"",00
SPI-01901000 1005GRAY,False,"",00
SPI-01901000 1005GT,False,"",00
SPI-01901000 1005WM,False,"",00
SPI-01901000 1006,False,"",00
SPI-01901000 1006GRAY,False,"",00
SPI-01901000 1006GT,False,"",00
SPI-01901000 1006WM,False,"",00
SPI-01901000 1007,False,"",00
SPI-01901000 1007GRAY,False,"",00
SPI-01901000 1007GT,False,"",00
SPI-01901000 1007WM,False,"",00
SPI-01901000 1008,False,"",00
SPI-01901000 1008GRAY,False,"",00
SPI-01901000 1008GT,False,"",00
SPI-01901000 1008WM,False,"",00
SPI-01901000 1009,False,"",00
SPI-01901000 1009GRAY,False,"",00
SPI-01901000 1009GT,False,"",00
SPI-01901000 1009WM,False,"",00
SPI-01901000 1010,False,"",00
SPI-01901000 1010GRAY,False,"",00
SPI-01901000 1010GT,False,"",00
SPI-01901000 1010WM,False,"",00
SPI-01901000 1011,False,"",00
SPI-01901000 1011GRAY,False,"",00
SPI-01901000 1011GT,False,"",00
SPI-01901000 1011WM,False,"",00
SPI-01901000 1013,False,"",00
SPI-01901000 1013GRAY,False,"",00
SPI-01901000 1013GT,False,"",00
SPI-01901000 1013WM,False,"",00
SPI-01901000 1142,False,"",00
SPI-01901000 1143,False,"",00
SPI-01901000 1144,False,"",00
SPI-01901000 1145,False,"",00
SPI-01901000 1146,False,"",01
SPI-01901000 1148,False,"",00
SPI-01901000 1149,False,"",00
SPI-01901000 1150,False,"",00
SPI-01901000 1151,False,"",00
SPI-01901000 1152,False,"",00
SPI-01901000 1154,False,"",02
SPI-01901000 1161,False,"",01
SPI-01901000 1161GRAY,False,"",01
SPI-01901000 1161GT,False,"",01
SPI-01901000 1161RG,False,"",01
SPI-01901000 1161WM,False,"",01
SPI-01901000 1168,False,"",00
SPI-01901000 1168GRAY,False,"",00
SPI-01901000 1168GT,False,"",00
SPI-01901000 1168WM,False,"",00
SPI-01901000 1183,False,"",01
SPI-01901000 1184,False,"",00
SPI-01901000 1185,False,"",01
SPI-01901000 1185G,False,"",01
SPI-01901000 1185GRAY,False,"",01
SPI-01901000 1185GT,False,"",01
SPI-01901000 1185OT,False,"",01
SPI-01901000 1185RG,False,"",01
SPI-01901000 1185W,False,"",01
SPI-01901000 1185WM,False,"",01
SPI-01901000 1188,False,"",01
SPI-01901000 1188G,False,"",01
SPI-01901000 1188GRAY,False,"",01
SPI-01901000 1188GT,False,"",01
SPI-01901000 1188OT,False,"",01
SPI-01901000 1188RG,False,"",01
SPI-01901000 1188W,False,"",01
SPI-01901000 1188WM,False,"",01
SPI-01901000 1217,False,"",00
SPI-01901000 1217GT,False,"",00
SPI-01901000 1217RG,False,"",00
SPI-01901000 1217WM,False,"",00
SPI-01901000 1228,False,"",01
SPI-01901000 1228G,False,"",01
SPI-01901000 1228GRAY,False,"",01
SPI-01901000 1228GT,False,"",01
SPI-01901000 1228OT,False,"",01
SPI-01901000 1228RG,False,"",01
SPI-01901000 1228W,False,"",01
SPI-01901000 1228WM,False,"",01
SPI-01901000 1229,False,"",02
SPI-01901000 1229G,False,"",02
SPI-01901000 1229GRAY,False,"",02
SPI-01901000 1229GT,False,"",02
SPI-01901000 1229OT,False,"",02
SPI-01901000 1229RG,False,"",02
SPI-01901000 1229W,False,"",02
SPI-01901000 1229WM,False,"",02
SPI-01901000 1241,False,"",00
SPI-01901000 1245,False,"",02
SPI-01901000 1246,False,"",01
SPI-01901000 1247,False,"",02
SPI-01901000 1248,False,"",02
SPI-01901000 1249,False,"",03
SPI-01901000 1253,False,"",02
SPI-01901000 1254,False,"",01
SPI-01901000 1256,False,"",00
SPI-01901000 1257,False,"",00
SPI-01901000 1258,False,"",00
SPI-01901000 1259,False,"",00
SPI-01901000 1262,False,"",00
SPI-01901000 1263,False,"",00
SPI-01901000 1264,False,"",00
SPI-01901000 1280,False,"",00
SPI-01901000-0840,"",False,""
SPI-01901000-0842,"",False,""
SPI-01901000-0843,"",False,""
SPI-01901000-0846,"",False,""
SPI-01901000-0848,"",False,""
SPI-01901000-0849,"",False,""
SPI-01901000-0850,"",False,""
SPI-01901000-0855,"",False,""
SPI-01901000-0862,"",False,""
SPI-01901000-0940,"",False,""
SPI-01901000-0940GT,"",False,""
SPI-01901000-0940OT,"",False,""
SPI-01901000-0940RED,"",False,""
SPI-01901000-0940WM,"",False,""
SPI-01901000-0990W,False,False,0
SPI-01901000-1044W,False,False,0
SPI-01901112 0568,False,"",04
SPI-01901378 0053,False,"",00
SPI-01901378 0054,False,"",00
SPI-01901378 0055,False,"",00
SPI-01901378 0061,False,"",00
SPI-01901520 0425,False,"",00
SPI-01901520-0425,"",False,""
SPI-01901548 0016,False,"",04
SPI-01901548 0016BG,False,"",04
SPI-01901548 0016DT,False,"",04
SPI-01901548 0016GYT,False,"",04
SPI-01901548 0016KB,False,"",04
SPI-01901548 0016MG,False,"",04
SPI-01901548 0016PB,False,"",04
SPI-01901548 0016W,False,"",04
SPI-01901548 0017,False,"",02
SPI-01901548 0017BG,False,"",02
SPI-01901548 0017DT,False,"",02
SPI-01901548 0017GYT,False,"",02
SPI-01901548 0017KB,False,"",02
SPI-01901548 0017MG,False,"",02
SPI-01901548 0017PB,False,"",02
SPI-01901548 0017W,False,"",02
SPI-03000-017,False,"",03
SPI-03000-017-CES,False,"",03
SPI-03000-017-P,False,"",03
SPI-03000-017-PTB,False,"",03
SPI-03000-017-S,False,"",03
SPI-03000-017-SUN,False,"",03
SPI-03337-002,False,"",02
SPI-03337-003,False,"",01
SPI-03337-012,False,"",17
SPI-03337-012-CES,False,"",17
SPI-03337-012-P,False,"",17
SPI-03337-012-PTB,False,False,17
SPI-03337-012-S,False,"",17
SPI-03337-012-SUN,False,"",17
SPI-03337-013,False,"",06
SPI-03337-013-CES,False,"",06
SPI-03337-013-P,False,"",06
SPI-03337-013-PTB,False,False,06
SPI-03337-013-S,False,"",06
SPI-03337-013-SUN,False,"",06
SPI-03337-014,False,"",04
SPI-03337-014-P,False,"",04
SPI-03337-014-PTB,False,"",04
SPI-03337-014-S,False,"",04
SPI-03337-014-SUN,False,"",04
SPI-03903009 0079,False,"",00
SPI-03903009 0080,False,"",00
SPI-03903009 0081,False,"",00
SPI-03903009 0082,False,"",00
SPI-03903040 0177,False,"",02
SPI-03903040 0177GRAY,False,"",02
SPI-03903040 0178,False,"",02
SPI-03903040 0178GRAY,False,"",02
SPI-03903040 0180,False,"",02
SPI-03903040 0180G,False,"",02
SPI-03903040 0180GRAY,False,"",02
SPI-03903040 0180GT,False,"",02
SPI-03903040 0180OT,False,"",02
SPI-03903040 0180RG,False,"",02
SPI-03903040 0180W,False,"",02
SPI-03903040 0180WM,False,"",02
SPI-03903040 0181,"","",03
SPI-03903040 0181G,"","",03
SPI-03903040 0181GRAY,"","",03
SPI-03903040 0182,"","",02
SPI-03903040 0182G,"","",02
SPI-03903040 0182GRAY,"","",02
SPI-03903040 0182GT,"","",02
SPI-03903040 0182OT,False,"",02
SPI-03903040 0182RG,False,"",02
SPI-03903040 0182W,False,"",02
SPI-03903040 0182WM,False,"",02
SPI-03903040 0183,False,"",02
SPI-03903040 0183G,False,"",02
SPI-03903040 0183GRAY,False,"",02
SPI-03903040 0183GT,False,"",02
SPI-03903040 0183OT,False,"",02
SPI-03903040 0183RG,False,"",02
SPI-03903040 0183W,False,"",02
SPI-03903040 0183WM,False,"",02
SPI-03903040 0184,"","",02
SPI-03903040 0184G,"","",02
SPI-03903040 0184GRAY,False,"",02
SPI-03903040 0184GT,"","",02
SPI-03903040 0184OT,"","",02
SPI-03903040 0184RG,"","",02
SPI-03903040 0184W,"","",02
SPI-03903040 0184WM,"","",02
SPI-03903040 0185,False,"",02
SPI-03903040 0185G,False,"",02
SPI-03903040 0185GRAY,False,"",02
SPI-03903040 0185GT,False,"",02
SPI-03903040 0185OT,False,"",02
SPI-03903040 0185RG,False,"",02
SPI-03903040 0185W,False,"",02
SPI-03903040 0185WM,False,"",02
SPI-03903040-0177,"",False,""
SPI-03903040-0181,"",False,""
SPI-03903040-0182,"",False,""
SPI-03903040-0184,"",False,""
SPI-03903087-0023,False,"",00
SPI-03903168 0118,False,"",04
SPI-03903200 0034,False,"",04
SPI-03903297 0024,False,"",02
SPI-03903297 0024GT,False,"",02
SPI-03903297 0024RG,False,"",02
SPI-03903297 0024WM,False,"",02
SPI-03903297 0025,False,"",02
SPI-03903297 0025GT,False,"",02
SPI-03903297 0025RG,False,"",02
SPI-03903297 0025WM,False,"",02
SPI-03903297 0026,False,"",02
SPI-03903297 0026GT,False,"",02
SPI-03903297 0026RG,False,"",02
SPI-03903297 0026WM,False,"",02
SPI-03903297 0027,False,"",03
SPI-03903297 0027GT,False,"",03
SPI-03903297 0027RG,False,"",03
SPI-03903297 0027WM,False,"",03
SPI-03903297 0028,False,"",03
SPI-03903297 0028GRAY,False,"",00
SPI-03903297 0028GT,False,"",03
SPI-03903297 0028RG,False,"",03
SPI-03903297 0028WM,False,"",03
SPI-03903297 0029,False,"",00
SPI-03903297 0030,False,"",01
SPI-03903297 0031,False,"",01
SPI-03903297 0031GRAY,False,"",01
SPI-03903297 0031GT,False,"",01
SPI-03903297 0031WM,False,"",01
SPI-03903297 0032,False,"",01
SPI-03903297 0032GRAY,False,"",01
SPI-03903297 0032GT,False,"",01
SPI-03903297 0032WM,False,"",01
SPI-03903297 0033,False,"",01
SPI-03903297 0033GRAY,False,"",01
SPI-03903297 0033GT,False,"",01
SPI-03903297 0033WM,False,"",01
SPI-03903297 0035,False,"",01
SPI-03903297 0035GRAY,False,"",01
SPI-03903297 0035GT,False,"",01
SPI-03903297 0035RG,False,"",01
SPI-03903297 0035WM,False,"",01
SPI-03903297 0036,False,"",00
SPI-03903297 0036GRAY,False,"",00
SPI-03903297 0036WM,False,"",00
SPI-03903313 0108,False,"",02
SPI-03903336 0258,False,"",01
SPI-03903336 0258OT,False,"",01
SPI-03903336 0258W,False,"",01
SPI-09355-113,False,"",01
SPI-09355-114,False,"",01
SPI-09355-114-P,False,"",01
SPI-09355-114-S,False,"",01
SPI-09355-120,False,"",02
SPI-10144-081,False,"",03
SPI-10144-081-BLK,False,"",03
SPI-10144-081-P,False,"",03
SPI-10144-081-SO,False,"",03
SPI-10901000 1012,False,"",00
SPI-10901000 1012GRAY,False,"",00
SPI-10901000 1012GT,False,"",00
SPI-10901000 1012WM,False,"",00
SPI-10901000 1014,False,"",01
SPI-10901000 1014GRAY,False,"",01
SPI-10901000 1014GT,False,"",01
SPI-10901000 1014WM,False,"",01
SPI-10901000 1015,False,"",00
SPI-10901000 1015GRAY,False,"",00
SPI-10901000 1015GT,False,"",00
SPI-10901000 1015WM,False,"",00
SPI-10901000 1016,False,"",00
SPI-10901000 1016GRAY,False,"",00
SPI-10901000 1016GT,False,"",00
SPI-10901000 1016WM,False,"",00
SPI-10901000 1017,False,"",00
SPI-10901000 1017GRAY,False,"",00
SPI-10901000 1017GT,False,"",00
SPI-10901000 1017WM,False,"",00
SPI-10901000 1018,False,"",00
SPI-10901000 1018GRAY,False,"",00
SPI-10901000 1018GT,False,"",00
SPI-10901000 1018WM,False,"",00
SPI-10901000 1019,False,"",00
SPI-10901000 1019GRAY,False,"",00
SPI-10901000 1019GT,False,"",00
SPI-10901000 1019WM,False,"",00
SPI-10901000 1020,False,"",00
SPI-10901000 1020GRAY,False,"",00
SPI-10901000 1020GT,False,"",00
SPI-10901000 1020WM,False,"",00
SPI-10901000 1021,False,"",00
SPI-10901000 1021GRAY,False,"",00
SPI-10901000 1021GT,False,"",00
SPI-10901000 1021WM,False,"",00
SPI-10901000 1022,False,"",00
SPI-10901000 1022GRAY,False,"",00
SPI-10901000 1022GT,False,"",00
SPI-10901000 1022WM,False,"",00
SPI-10901000 1023,False,"",00
SPI-10901000 1023GRAY,False,"",00
SPI-10901000 1023GT,False,"",00
SPI-10901000 1023WM,False,"",00
SPI-10901000 1026,False,"",01
SPI-10901000 1026GRAY,False,"",01
SPI-10901000 1026GT,False,"",01
SPI-10901000 1026WM,False,"",01
SPI-10901000 1044GYT,False,"",02
SPI-10901000 1044KB,False,"",02
SPI-10901000 1044MG,False,"",02
SPI-10901000 1044W,False,"",02
SPI-10901000 1046,False,"",02
SPI-10947-015,False,"",05
SPI-10947-015-BLK,False,"",05
SPI-10947-015-P,False,"",05
SPI-10947-015-PTB,False,"",05
SPI-10947-015-S,False,"",05
SPI-10947-015-SUN,False,"",05
SPI-10947-031,"","",04
SPI-10947-031-BLK,"","",04
SPI-10947-031-P,"","",04
SPI-10947-031-PTB,"","",04
SPI-10947-031-S,"","",04
SPI-10947-031-SUN,"","",04
SPI-10947-032-SUN,"","",07
SPI-10947-032-SUN-TEAL,"","",07
SPI-10947-037,False,"",03
SPI-10947-037-BLK,False,"",03
SPI-10947-037-P,False,"",03
SPI-10947-037-PTB,False,"",03
SPI-10947-037-S,False,"",03
SPI-10947-037-SUN,False,"",03
SPI-10947-055,"","",02
SPI-10947-055-P,"","",02
SPI-10947-055-S,"","",02
SPI-10947-071,"","",01
SPI-10947-071-B,"","",01
SPI-10947-071-P,"","",01
SPI-10947-071-PTB,"","",01
SPI-10947-071-S,"","",01
SPI-10947-071-SUN,"","",01
SPI-10947-080,False,"",05
SPI-10947-080-BLK,False,"",05
SPI-10947-080-P,False,"",05
SPI-10947-080-PTB,False,"",05
SPI-10947-080-S,False,"",05
SPI-10947-080-SUN,False,"",05
SPI-10947-091,False,"",02
SPI-10947-095,"","",04
SPI-10947-095-P,False,"",04
SPI-10947-095-PTB,False,"",04
SPI-10947-095-S,False,"",04
SPI-10947-095-SUN,False,"",04
SPI-10947-096,"","",05
SPI-10947-096-P,False,"",05
SPI-10947-096-PTB,False,"",05
SPI-10947-096-S,False,"",05
SPI-10947-096-SUN,False,"",05
SPI-10947-097,"","",04
SPI-10947-097-P,"","",04
SPI-10947-097-PTB,"","",04
SPI-10947-097-S,"","",04
SPI-10947-097-SUN,"","",04
SPI-10947-098,"","",03
SPI-10947-098-P,"","",03
SPI-10947-098-PTB,"","",03
SPI-10947-098-S,"","",03
SPI-10947-098-SUN,"","",03
SPI-10947-099,"","",01
SPI-10947-099-P,"","",01
SPI-10947-099-S,"","",01
SPI-10947-099-SUN,"","",01
SPI-10947-101,False,"",03
SPI-10947-101-P,False,"",03
SPI-10947-101-PTB,False,"",03
SPI-10947-101-S,False,"",03
SPI-10947-101-SUN,False,"",03
SPI-10947-102,False,"",07
SPI-10947-102M,"","",02
SPI-10947-102M-P,"","",02
SPI-10947-102M-PB,"","",02
SPI-10947-102M-S,"","",02
SPI-10947-102M-SUN,"","",02
SPI-10947-102-P,False,"",07
SPI-10947-102-S,False,"",07
SPI-10947-102-SUN,False,"",07
SPI-10947-103,"","",03
SPI-10947-103M,"","",01
SPI-10947-103M-P,"","",01
SPI-10947-103M-PB,"","",01
SPI-10947-103M-S,"","",01
SPI-10947-103M-SUN,"","",01
SPI-10947-103-P,"","",03
SPI-10947-103-S,"","",03
SPI-10947-103-SUN,"","",03
SPI-10947-104,False,"",05
SPI-10947-104-P,False,"",05
SPI-10947-104-PTB,False,"",05
SPI-10947-104-S,False,"",05
SPI-10947-104-SUN,False,"",05
SPI-10947-105,False,"",03
SPI-10947-105-P,False,"",03
SPI-10947-105-PTB,False,"",03
SPI-10947-105-S,False,"",03
SPI-10947-105-SUN,False,"",03
SPI-10947-106,False,"",03
SPI-10947-106-P,False,"",03
SPI-10947-106-PTB,False,"",03
SPI-10947-106-S,False,"",03
SPI-10947-106-SUN,False,"",03
SPI-10947-107,False,"",02
SPI-10947-107-B,False,"",02
SPI-10947-107-P,False,"",02
SPI-10947-107-PTB,False,"",02
SPI-10947-107-S,False,"",02
SPI-10947-107-SUN,False,"",02
SPI-10947-108,False,"",01
SPI-10947-108-P,False,"",01
SPI-10947-108-S,False,"",01
SPI-10947-108-SUN,False,"",01
SPI-10947-110,False,"",03
SPI-10947-110-P,False,"",03
SPI-10947-110-S,False,"",03
SPI-10947-110-SUN,False,"",03
SPI-10947-113,False,"",00
SPI-10947-113-P,False,"",00
SPI-10947-113-S,False,"",00
SPI-10947-113-SUN,False,"",00
SPI-10947-121,False,"",02
SPI-10947-121-P,False,"",02
SPI-10947-121-S,False,"",02
SPI-10947-121-SUN,False,"",02
SPI-10947-126,False,"",03
SPI-10947-126-P,False,"",03
SPI-10947-126-S,False,"",03
SPI-10947-126-SUN,False,"",03
SPI-10947-127,False,False,02
SPI-10947-127-PTB,False,"",02
SPI-10947-127-S,False,"",02
SPI-10947-127-SUN,False,"",02
SPI-10947-128,False,"",00
SPI-10947-128-P,False,"",00
SPI-10947-128-S,False,"",00
SPI-10947-128-SUN,False,"",00
SPI-10947-129,False,"",04
SPI-10947-129-P,False,"",04
SPI-10947-129-S,False,"",04
SPI-10947-129-SUN,False,"",04
SPI-10947-130,False,"",02
SPI-10947-130-P,False,"",02
SPI-10947-130-S,False,"",02
SPI-10947-133,False,"",00
SPI-10947-133-P,False,"",00
SPI-10947-133-S,False,"",00
SPI-10947-133-SUN,False,"",00
SPI-10947-135,False,"",00
SPI-10947-135-P,False,"",00
SPI-10947-135-S,False,"",00
SPI-10947-135-SUN,False,"",00
SPI-10947-139,False,"",00
SPI-10947-139-P,False,"",00
SPI-10947-139-S,False,"",00
SPI-10947-139-SUN,False,"",00
SPI-10947-140,False,"",00
SPI-10947-140-P,False,"",00
SPI-10947-140-S,False,"",00
SPI-10947-140-SUN,False,"",00
SPI-10947-142,False,"",00
SPI-10947-142-P,False,"",00
SPI-10947-142-S,False,"",00
SPI-10947-142-SUN,False,"",00
SPI-10947-143,False,"",00
SPI-10947-143-P,False,"",00
SPI-10947-143-S,False,"",00
SPI-10947-143-SUN,False,"",00
SPI-10947-145,False,"",00
SPI-10947-145-P,False,"",00
SPI-10947-145-S,False,"",00
SPI-10947-145-SUN,False,"",00
SPI-10947-148,False,"",00
SPI-10947-148-P,False,"",00
SPI-10947-148-S,False,"",00
SPI-10947-149,False,"",00
SPI-10947-149-P,False,"",00
SPI-10947-149-S,False,"",00
SPI-10947-150,False,"",00
SPI-10947-150-P,False,"",00
SPI-10947-150-S,False,"",00
SPI-10947-151,False,"",00
SPI-10947-151-P,False,"",00
SPI-10947-151-S,False,"",00
SPI-10947-152,False,"",00
SPI-10947-152-P,False,"",00
SPI-10947-152-S,False,"",00
SPI-10947-153,False,"",00
SPI-10947-153-P,False,"",00
SPI-10947-153-S,False,"",00
SPI-10947-154,"","",00
SPI-10947-154-P,False,"",00
SPI-10947-154-PTB,False,"",00
SPI-10947-154-S,False,"",00
SPI-10947-154-SUN,False,"",00
SPI-10947-155,False,"",01
SPI-10947-155-P,False,"",01
SPI-10947-155-PTB,False,"",01
SPI-10947-155-S,False,"",01
SPI-10947-155-SUN,False,"",01
SPI-10947-156,"","",00
SPI-10947-156-P,False,"",00
SPI-10947-156-PTB,False,"",00
SPI-10947-156-S,False,"",00
SPI-10947-156-SUN,False,"",00
SPI-10947-157,"","",00
SPI-10947-157-P,"","",00
SPI-10947-157-PTB,"","",00
SPI-10947-157-S,"","",00
SPI-10947-157-SUN,"","",00
SPI-10947-158,"","",00
SPI-10947-158-P,"","",00
SPI-10947-158-PTB,"","",00
SPI-10947-158-S,"","",00
SPI-10947-158-SUN,"","",00
SPI-10947-159,False,"",00
SPI-10947-159-P,False,"",00
SPI-10947-159-PTB,False,"",00
SPI-10947-159-S,False,"",00
SPI-10947-159-SUN,False,"",00
SPI-10947-160,False,"",00
SPI-10947-160-P,False,"",00
SPI-10947-160-PTB,False,"",00
SPI-10947-160-S,False,"",00
SPI-10947-160-SUN,False,"",00
SPI-10947-161,"","",00
SPI-10947-161-P,False,"",00
SPI-10947-161-PTB,False,"",00
SPI-10947-161-S,False,"",00
SPI-10947-161-SUN,False,"",00
SPI-10947-162,False,"",00
SPI-10947-162-P,False,"",00
SPI-10947-162-PTB,False,"",00
SPI-10947-162-S,False,"",00
SPI-10947-162-SUN,False,"",00
SPI-10947-163,"","",00
SPI-10947-163-P,"","",00
SPI-10947-163-PTB,"","",00
SPI-10947-163-S,"","",00
SPI-10947-163-SUN,"","",00
SPI-10947-164,False,"",00
SPI-10947-164-P,False,"",00
SPI-10947-164-PTB,False,"",00
SPI-10947-164-S,False,"",00
SPI-10947-164-SUN,False,"",00
SPI-10947-166,False,"",01
SPI-10947-166-P,False,"",01
SPI-10947-166-PTB,False,False,01
SPI-10947-166-S,False,"",01
SPI-10947-166-SUN,False,"",01
SPI-10947-168,False,"",01
SPI-10947-168-P,False,"",01
SPI-10947-168-S,False,"",01
SPI-10947-168-SUN,False,"",01
SPI-10947-170,False,"",00
SPI-10947-170-P,False,"",00
SPI-10947-170-PTB,False,"",00
SPI-10947-170-S,False,"",00
SPI-10947-170-SUN,False,"",00
SPI-10947-173,False,"",00
SPI-10947-173-P,False,"",00
SPI-10947-173-PTB,False,"",00
SPI-10947-173-S,False,"",00
SPI-10947-173-SUN,False,"",00
SPI-10947-174,"","",00
SPI-10947-174-P,"","",00
SPI-10947-174-PTB,"","",00
SPI-10947-174-S,"","",00
SPI-10947-174-SUN,"","",00
SPI-10947-175,"","",00
SPI-10947-175-P,"","",00
SPI-10947-175-PTB,"","",00
SPI-10947-175-S,"","",00
SPI-10947-175-SUN,"","",00
SPI-10947-176,False,"",00
SPI-10947-176-P,False,"",00
SPI-10947-176-PTB,False,"",00
SPI-10947-176-S,False,"",00
SPI-10947-176-SUN,False,"",00
SPI-10947-177,False,"",00
SPI-10947-177-P,False,"",00
SPI-10947-177-PTB,False,"",00
SPI-10947-177-S,False,"",00
SPI-10947-177-SUN,False,"",00
SPI-10947-178,False,"",01
SPI-10947-178-P,False,"",01
SPI-10947-178-PTB,False,"",01
SPI-10947-178-S,False,"",01
SPI-10947-178-SUN,False,"",01
SPI-10947-179,False,"",00
SPI-10947-180,False,"",00
SPI-10992-001,False,"",01
SPI-18711-002,False,"",07
SPI-18711-002-CES,False,"",07
SPI-18711-002-P,False,"",07
SPI-18711-002-PTB,False,False,07
SPI-18711-002-S,False,"",07
SPI-18711-002-SUN,False,"",07
SPI-18711-022,False,"",04
SPI-18711-022-B,False,"",04
SPI-18711-022-P,False,"",04
SPI-18711-022-PTB,False,"",04
SPI-18711-022-S,False,"",04
SPI-18711-022-SUN,False,"",04
SPI-18711-023,False,"",03
SPI-18711-023-P,False,"",03
SPI-20144-050,False,"",19
SPI-20144-163,False,"",10
SPI-548-0017,"",False,0
SRC-02250138-181,"",False,""
SRC-02250164-550,"","",04
SRC-02250164-583,"","",05
SRC-02250164-707,"","",04
SRC-02250174-868,"","",02
SRC-02250174-872,"","",04
SRC-02250174-876,"","",03
SRC-02250174-880,"","",03
SRC-02250174-884,"","",01
SRC-02250174-889,"","",03
SRC-02250174-931,"","",03
SRC-02250174-953,"","",01
SRC-02250175-442,"","",01
SRC-02250175-447,False,False,01
SRC-02250175-980,"","",03
SULL-02250016-198,False,"",04
SULL-02250030-983,False,"",02
SULL-02250043-506,False,"",05
SULL-02250043-507,False,"",06
SULL-02250043-508,False,"",04
SULL-02250043-509,"","",04
SULL-02250044-816,False,"",03
SULL-02250044-911,False,"",02
SULL-02250048-056,False,"",05
SULL-02250059-754,False,"",02
SULL-02250060-422,False,"",06
SULL-02250061-948,False,"",04
SULL-02250073-773,"",False,""
SULL-02250086-008,False,"",06
SULL-02250086-113,False,"",01
SULL-02250087-686,False,"",01
SULL-02250094-230,"","",02
SULL-02250102-084,False,"",01
SULL-02250113-686,False,"",04
SULL-02250114-008,False,False,05
SULL-02250119-501,False,"",01
SULL-02250120-149,False,"",01
SULL-02250120-194,False,"",01
SULL-02250120-259,False,"",01
SULL-02250121-117,False,"",06
SULL-02250121-118,False,"",07
SULL-02250123-920,False,"",05
SULL-02250125-644,False,"",02
SULL-02250126-539,False,"",02
SULL-02250131-273,False,"",01
SULL-02250132-241,False,"",01
SULL-02250133-864,False,False,10
SULL-02250133-984,False,"",04
SULL-02250134-135,False,False,06
SULL-02250134-137,False,"",00
SULL-02250134-138,False,False,07
SULL-02250134-140,False,"",05
SULL-02250134-141,False,"",04
SULL-02250134-142,False,"",06
SULL-02250134-143,"","",10
SULL-02250134-568,"","",01
SULL-02250136-794,False,"",02
SULL-02250136-993,"","",02
SULL-02250138-181,"","",02
SULL-02250138-485,False,"",02
SULL-02250138-486,False,"",03
SULL-02250138-487,False,"",02
SULL-02250138-488,"","",02
SULL-02250139-665,False,"",03
SULL-02250139-667,"","",03
SULL-02250139-668,False,"",02
SULL-02250139-669,"","",02
SULL-02250139-672,"","",01
SULL-02250139-755,False,False,05
SULL-02250139-757,False,"",01
SULL-02250139-771,False,"",02
SULL-02250139-916,False,False,02
SULL-02250140-598,False,"",02
SULL-02250140-722,False,"",02
SULL-02250140-950,"","",03
SULL-02250140-951,False,"",03
SULL-02250140-953,"","",01
SULL-02250140-954,"","",03
SULL-02250140-955,False,"",03
SULL-02250140-957,"",False,0
SULL-02250141-183,False,"",05
SULL-02250142-353,False,"",03
SULL-02250142-683,False,"",02
SULL-02250142-684,False,"",03
SULL-02250142-685,False,"",02
SULL-02250142-686,"","",02
SULL-02250143-345,False,"",02
SULL-02250143-346,False,"",01
SULL-02250143-347,False,"",01
SULL-02250143-348,False,"",01
SULL-02250144-615,"","",15
SULL-02250145-715,False,"",00
SULL-02250146-088,False,"",02
SULL-02250146-123,False,"",03
SULL-02250146-581,False,"",04
SULL-02250146-684,False,"",02
SULL-02250146-685,False,"",02
SULL-02250147-461,False,"",00
SULL-02250147-462,False,"",00
SULL-02250147-760,False,"",00
SULL-02250149-002,False,"",01
SULL-02250149-684,False,"",04
SULL-02250149-690,False,"",03
SULL-02250149-991,False,"",00
SULL-02250150-016,False,"",00
SULL-02250150-049,False,"",00
SULL-02250150-056,False,"",01
SULL-02250150-057,False,"",01
SULL-02250150-084,False,"",03
SULL-02250150-086,False,"",00
SULL-02250150-088,False,"",02
SULL-02250150-221,False,"",02
SULL-02250150-225,False,"",04
SULL-02250150-227,False,"",06
SULL-02250150-231,"","",08
SULL-02250150-238,False,"",00
SULL-02250150-242,False,"",00
SULL-02250150-244,False,"",02
SULL-02250150-255,False,"",00
SULL-02250150-256,False,"",00
SULL-02250150-259,False,"",02
SULL-02250150-260,False,"",02
SULL-02250150-426,False,"",00
SULL-02250151-316,False,"",04
SULL-02250151-317,False,"",00
SULL-02250151-318,False,"",00
SULL-02250151-319,False,"",00
SULL-02250151-320,False,"",00
SULL-02250151-338,False,"",04
SULL-02250151-339,False,"",03
SULL-02250151-340,False,"",03
SULL-02250151-348,False,"",04
SULL-02250151-349,False,"",00
SULL-02250151-350,False,"",00
SULL-02250151-351,False,"",00
SULL-02250151-352,False,"",00
SULL-02250151-398,False,"",01
SULL-02250151-400,False,"",00
SULL-02250151-401,False,"",00
SULL-02250151-402,False,"",04
SULL-02250151-403,False,"",00
SULL-02250151-404,False,"",00
SULL-02250151-405,False,"",00
SULL-02250151-406,False,"",00
SULL-02250151-407,False,"",04
SULL-02250151-408,False,"",00
SULL-02250151-409,False,"",00
SULL-02250151-410,False,"",00
SULL-02250151-411,False,"",00
SULL-02250152-334,"","",04
SULL-02250152-335,"","",01
SULL-02250152-336,False,"",04
SULL-02250153-634,False,"",02
SULL-02250153-635,False,"",00
SULL-02250153-639,False,"",00
SULL-02250153-887,False,"",00
SULL-02250153-952,False,"",04
SULL-02250153-953,False,"",01
SULL-02250154-721,False,"",04
SULL-02250155-825,"","",04
SULL-02250156-122,False,"",01
SULL-02250156-138,False,"",01
SULL-02250156-382,False,"",07
SULL-02250156-393,False,"",02
SULL-02250157-075,False,"",02
SULL-02250157-206,False,"",02
SULL-02250157-350,False,False,03
SULL-02250160-372,False,"",05
SULL-02250160-373,False,"",07
SULL-02250160-374,"","",05
SULL-02250160-375,"","",04
SULL-02250160-378,"","",04
SULL-02250160-379,False,"",10
SULL-02250160-452,False,"",01
SULL-02250160-536,False,"",13
SULL-02250160-543,False,"",03
SULL-02250161-125,False,"",01
SULL-02250161-126,False,"",01
SULL-02250161-970,False,"",01
SULL-02250162-651,False,"",02
SULL-02250162-711,False,"",02
SULL-02250162-845,False,"",05
SULL-02250163-805,"","",04
SULL-02250163-806,"",False,03
SULL-02250163-807,"","",04
SULL-02250163-809,"","",03
SULL-02250163-810,"",False,02
SULL-02250163-811,"","",03
SULL-02250163-961,False,"",01
SULL-02250164-026,False,"",04
SULL-02250164-160,False,"",03
SULL-02250164-161,False,"",03
SULL-02250164-386,False,False,06
SULL-02250164-456,"","",01
SULL-02250164-459,False,False,06
SULL-02250164-515,False,"",06
SULL-02250164-516,False,"",04
SULL-02250164-517,False,"",04
SULL-02250164-518,False,"",04
SULL-02250164-519,False,"",05
SULL-02250164-550,False,False,04
SULL-02250164-583,"",False,0
SULL-02250164-692,"","",01
SULL-02250164-694,False,"",04
SULL-02250164-695,False,"",03
SULL-02250164-696,False,"",04
SULL-02250164-697,"","",05
SULL-02250164-698,"","",05
SULL-02250164-699,"","",06
SULL-02250164-700,False,"",00
SULL-02250164-701,False,"",00
SULL-02250164-702,False,"",00
SULL-02250164-703,False,"",04
SULL-02250164-704,False,"",03
SULL-02250164-705,False,"",04
SULL-02250164-706,"","",05
SULL-02250164-707,False,False,04
SULL-02250164-709,"","",05
SULL-02250164-801,"","",07
SULL-02250164-802,"","",04
SULL-02250164-803,"","",04
SULL-02250164-804,"","",04
SULL-02250164-805,"","",05
SULL-02250164-806,"","",10
SULL-02250164-807,"","",06
SULL-02250164-808,"","",06
SULL-02250164-809,"","",06
SULL-02250164-810,"","",07
SULL-02250164-811,False,"",05
SULL-02250164-812,"","",01
SULL-02250164-813,"","",01
SULL-02250164-814,"","",01
SULL-02250164-815,"","",02
SULL-02250164-816,"","",05
SULL-02250164-817,"","",03
SULL-02250164-818,"","",03
SULL-02250164-819,"","",03
SULL-02250164-820,"","",04
SULL-02250164-834,"","",06
SULL-02250164-836,"","",04
SULL-02250164-837,"","",04
SULL-02250164-844,"","",04
SULL-02250164-847,"","",05
SULL-02250164-858,"","",04
SULL-02250164-859,"","",02
SULL-02250164-860,"","",02
SULL-02250164-861,"","",02
SULL-02250164-862,"","",03
SULL-02250164-863,False,"",09
SULL-02250164-864,False,"",05
SULL-02250164-865,False,"",05
SULL-02250164-866,False,"",06
SULL-02250164-867,False,"",06
SULL-02250164-881,False,"",04
SULL-02250165-031,False,"",00
SULL-02250165-336,False,"",02
SULL-02250165-538,"","",03
SULL-02250166-222,False,"",01
SULL-02250166-708,False,"",08
SULL-02250167-515,"",False,""
SULL-02250167-516,"",False,""
SULL-02250167-517,"",False,""
SULL-02250167-518,"",False,""
SULL-02250167-519,"",False,""
SULL-02250167-707,"",False,0
SULL-02250168-296,"",False,""
SULL-02250168-576,False,"",01
SULL-02250168-607,False,"",00
SULL-02250168-609,False,"",00
SULL-02250168-632,False,"",00
SULL-02250168-779,False,"",00
SULL-02250168-780,False,"",00
SULL-02250168-796,False,"",00
SULL-02250168-797,False,"",00
SULL-02250168-798,"","",00
SULL-02250168-800,False,"",01
SULL-02250168-851,False,"",04
SULL-02250169-046,False,"",00
SULL-02250169-048,False,"",00
SULL-02250169-049,False,"",00
SULL-02250169-050,False,"",00
SULL-02250169-051,False,"",00
SULL-02250169-052,False,"",00
SULL-02250169-053,False,"",01
SULL-02250169-054,False,"",00
SULL-02250169-056,False,"",01
SULL-02250169-689,False,"",02
SULL-02250169-690,False,"",03
SULL-02250169-691,False,"",02
SULL-02250169-692,False,"",02
SULL-02250170-201,"","",00
SULL-02250170-202,False,"",01
SULL-02250170-203,False,"",01
SULL-02250170-204,False,"",02
SULL-02250170-206,"","",01
SULL-02250170-207,"","",01
SULL-02250170-208,False,"",01
SULL-02250170-211,"","",02
SULL-02250170-229,False,"",02
SULL-02250170-233,False,"",02
SULL-02250170-622,False,"",00
SULL-02250171-180,False,"",00
SULL-02250171-181,False,"",00
SULL-02250171-183,False,"",00
SULL-02250171-617,False,"",02
SULL-02250172-479,"","",02
SULL-02250172-912,False,"",04
SULL-02250172-942,False,False,02
SULL-02250174-280,"","",06
SULL-02250174-294,False,"",08
SULL-02250174-300,False,"",02
SULL-02250174-823,False,"",07
SULL-02250174-824,"","",04
SULL-02250174-825,"","",06
SULL-02250174-826,"","",05
SULL-02250174-827,"","",05
SULL-02250174-828,"","",03
SULL-02250174-829,False,"",05
SULL-02250174-842,False,"",00
SULL-02250174-864,False,False,04
SULL-02250174-865,False,"",04
SULL-02250174-866,False,False,04
SULL-02250174-867,False,"",05
SULL-02250174-868,False,False,02
SULL-02250174-869,"","",02
SULL-02250174-870,False,False,02
SULL-02250174-871,"","",03
SULL-02250174-872,False,False,04
SULL-02250174-873,"","",04
SULL-02250174-874,False,False,04
SULL-02250174-875,"","",05
SULL-02250174-876,"",False,03
SULL-02250174-877,"","",03
SULL-02250174-878,False,False,03
SULL-02250174-879,"","",04
SULL-02250174-880,False,False,03
SULL-02250174-881,"","",03
SULL-02250174-882,"",False,0
SULL-02250174-883,"","",04
SULL-02250174-884,False,False,01
SULL-02250174-885,"","",01
SULL-02250174-887,False,False,01
SULL-02250174-888,"","",02
SULL-02250174-889,False,False,03
SULL-02250174-891,"","",03
SULL-02250174-892,"","",03
SULL-02250174-894,"","",04
SULL-02250174-931,"","",03
SULL-02250174-952,"","",01
SULL-02250174-953,False,False,01
SULL-02250174-954,"","",02
SULL-02250175-059,False,"",01
SULL-02250175-061,False,"",01
SULL-02250175-442,"","",01
SULL-02250175-447,"","",01
SULL-02250175-933,"",False,01
SULL-02250175-979,"","",05
SULL-02250175-980,False,False,03
SULL-02250175-981,"","",03
SULL-02250175-982,False,False,03
SULL-02250175-983,"","",04
SULL-02250176-348,False,"",00
SULL-02250176-349,False,"",02
SULL-02250176-350,False,"",05
SULL-02250176-351,False,"",00
SULL-02250176-353,False,"",03
SULL-02250176-594,False,"",01
SULL-02250176-595,False,"",01
SULL-02250176-596,False,"",01
SULL-02250176-597,False,"",02
SULL-02250176-598,False,"",01
SULL-02250176-599,False,"",02
SULL-02250176-611,False,"",01
SULL-02250176-612,False,"",01
SULL-02250176-613,False,"",01
SULL-02250176-625,False,"",04
SULL-02250176-692,False,"",00
SULL-02250177-278,False,"",00
SULL-02250180-111,"","",05
SULL-02250180-112,False,False,02
SULL-02250180-113,"","",02
SULL-02250180-114,"","",02
SULL-02250180-115,"","",02
SULL-02250180-130,False,"",01
SULL-02250180-240,False,"",01
SULL-02250180-559,False,"",00
SULL-02250182-496,"","",00
SULL-02250182-499,False,"",04
SULL-02250182-500,False,"",03
SULL-02250182-502,"","",02
SULL-02250182-503,"","",03
SULL-02250182-504,"","",02
SULL-02250182-505,False,"",00
SULL-02250182-507,False,"",00
SULL-02250182-508,False,"",00
SULL-02250182-509,False,"",00
SULL-02250182-511,False,"",00
SULL-02250182-512,False,"",00
SULL-02250182-513,"","",01
SULL-02250182-514,"","",01
SULL-02250182-515,"","",03
SULL-02250182-516,"","",03
SULL-02250182-517,"","",02
SULL-02250182-518,"","",02
SULL-02250182-519,"","",00
SULL-02250182-520,"","",00
SULL-02250182-521,"","",02
SULL-02250182-522,"","",02
SULL-02250182-523,"","",01
SULL-02250182-524,"","",02
SULL-02250182-525,"","",01
SULL-02250182-526,"","",01
SULL-02250182-527,False,"",03
SULL-02250182-528,False,"",02
SULL-02250184-034,False,"",01
SULL-02250184-035,False,"",01
SULL-02250184-036,False,"",01
SULL-02250184-037,False,"",01
SULL-02250184-038,False,"",01
SULL-02250184-040,False,"",00
SULL-02250185-971,False,"",00
SULL-02250186-641,False,"",00
SULL-02250186-777,False,"",00
SULL-02250187-601,False,False,0
SULL-02250187-624,"","",00
SULL-02250187-625,False,"",00
SULL-02250187-919,"","",00
SULL-02250190-667,False,"",08
SULL-02250190-668,False,"",08
SULL-02250190-669,False,False,08
SULL-02250191-667,False,"",00
SULL-02250191-706,False,"",00
SULL-02250191-798,False,"",01
SULL-02250191-799,False,"",01
SULL-02250191-800,False,"",01
SULL-02250191-801,False,"",02
SULL-02250191-802,False,"",01
SULL-02250191-803,False,"",01
SULL-02250191-804,False,"",02
SULL-02250191-805,False,"",01
SULL-02250191-806,False,"",01
SULL-02250191-807,False,"",00
SULL-02250191-808,False,False,00
SULL-02250191-809,False,"",00
SULL-02250191-810,False,"",00
SULL-02250191-811,False,"",00
SULL-02250191-812,False,"",00
SULL-02250191-813,False,"",01
SULL-02250191-814,False,"",01
SULL-02250191-815,False,"",01
SULL-02250191-816,False,"",01
SULL-02250191-817,False,"",01
SULL-02250191-818,False,"",01
SULL-02250192-720,False,"",01
SULL-02250192-744,False,"",00
SULL-02250194-605,False,"",02
SULL-02250194-733,False,"",00
SULL-02250196-612,False,"",02
SULL-02250196-656,False,"",02
SULL-02250196-657,False,"",02
SULL-02250196-730,False,"",01
SULL-02250196-731,False,"",01
SULL-02250196-732,False,"",01
SULL-02250196-733,False,"",01
SULL-02250196-734,False,"",01
SULL-02250196-736,False,"",02
SULL-02250196-737,False,"",02
SULL-02250196-738,False,"",02
SULL-02250196-739,False,"",02
SULL-02250196-740,False,"",02
SULL-02250196-742,False,"",03
SULL-02250196-743,False,"",03
SULL-02250196-744,False,"",03
SULL-02250196-745,False,"",03
SULL-02250196-746,False,"",03
SULL-02250196-786,False,"",01
SULL-02250196-787,False,"",01
SULL-02250196-788,False,"",01
SULL-02250196-789,False,"",01
SULL-02250196-790,False,"",01
SULL-02250196-791,False,"",01
SULL-02250196-933,False,"",00
SULL-02250196-934,False,"",00
SULL-02250197-399,False,"",00
SULL-02250197-400,False,"",00
SULL-02250198-109,False,"",00
SULL-02250198-110,False,"",00
SULL-02250198-111,False,"",00
SULL-02250199-215,False,"",02
SULL-02250199-222,False,False,00
SULL-02250199-223,False,"",01
SULL-02250199-224,False,"",00
SULL-02250199-225,False,"",00
SULL-02250199-226,False,"",00
SULL-02250199-637,False,"",02
SULL-02250199-638,"","",02
SULL-02250199-639,"","",00
SULL-02250199-640,"","",02
SULL-02250199-653,"","",02
SULL-02250199-653-1,"",False,""
SULL-02250199-653-2,"",False,""
SULL-02250199-653-3,"",False,02
SULL-02250199-653-5,"",False,""
SULL-02250199-653-7,"",False,""
SULL-02250199-653-8,"",False,""
SULL-02250199-653-9,"",False,02
SULL-02250200-129,False,"",00
SULL-02250200-130,False,"",00
SULL-02250200-131,False,"",00
SULL-02250200-132,False,"",00
SULL-02250200-133,False,"",00
SULL-02250200-148,False,"",00
SULL-02250200-167,False,"",03
SULL-02250200-168,False,"",02
SULL-02250200-941,False,"",02
SULL-02250201-295,"","",00
SULL-02250201-296,"","",01
SULL-02250202-018,False,"",00
SULL-02250202-019,False,"",00
SULL-02250202-020,False,"",00
SULL-02250202-021,False,"",00
SULL-02250202-022,False,"",00
SULL-02250203-731,False,"",00
SULL-02250206-551,False,"",02
SULL-02250206-552,False,"",02
SULL-02250208-986,False,"",01
SULL-02250208-987,False,"",01
SULL-02250209-158,False,"",02
SULL-02250210-427,False,"",00
SULL-02250210-428,"","",00
SULL-02250210-429,"","",00
SULL-02250210-430,"","",00
SULL-02250211-904,False,"",02
SULL-02250211-907,False,"",01
SULL-02250211-909,False,"",01
SULL-02250211-911,False,"",02
SULL-02250212-720,"","",00
SULL-02250212-721,False,"",00
SULL-02250212-722,False,"",00
SULL-02250212-723,False,"",00
SULL-02250212-724,False,"",00
SULL-02250212-725,False,"",00
SULL-02250212-726,False,"",00
SULL-02250213-012,False,"",00
SULL-02250213-015,False,"",00
SULL-02250214-042,False,"",06
SULL-02250214-194,False,"",05
SULL-02250214-431,"",False,03
SULL-02250214-432,False,"",03
SULL-02250214-433,False,"",03
SULL-02250214-434,False,"",03
SULL-02250214-436,False,False,02
SULL-02250214-437,False,"",02
SULL-02250214-438,False,"",02
SULL-02250214-439,False,"",02
SULL-02250214-440,"",False,03
SULL-02250214-442,False,"",03
SULL-02250214-443,False,"",02
SULL-02250214-514,False,"",10
SULL-02250214-660,"","",06
SULL-02250214-865,False,"",02
SULL-02250214-919,"",False,""
SULL-02250215-119,False,False,01
SULL-02250215-234,False,"",01
SULL-02250215-235,"","",02
SULL-02250216-903,False,"",03
SULL-02250216-905,False,"",04
SULL-02250216-906,False,"",04
SULL-02250216-908,False,"",05
SULL-02250216-909,False,"",05
SULL-02250217-128,False,"",02
SULL-02250217-129,False,"",02
SULL-02250217-167,False,"",03
SULL-02250217-170,False,"",03
SULL-02250217-172,False,"",03
SULL-02250217-173,False,"",03
SULL-02250217-179,False,"",04
SULL-02250217-180,False,"",04
SULL-02250217-181,False,"",04
SULL-02250217-182,False,"",04
SULL-02250217-185,False,False,04
SULL-02250217-186,False,"",04
SULL-02250217-187,False,"",04
SULL-02250217-188,False,"",04
SULL-02250217-189,False,"",05
SULL-02250217-190,False,"",05
SULL-02250217-191,False,"",05
SULL-02250217-192,False,"",05
SULL-02250217-193,False,"",04
SULL-02250217-194,False,"",04
SULL-02250217-195,False,"",04
SULL-02250217-196,False,"",04
SULL-02250217-215,False,"",02
SULL-02250217-216,False,"",02
SULL-02250217-217,False,"",02
SULL-02250217-218,False,"",02
SULL-02250217-258,False,"",00
SULL-02250217-260,False,"",01
SULL-02250217-261,False,"",01
SULL-02250217-262,False,"",01
SULL-02250217-263,False,"",01
SULL-02250217-284,False,"",14
SULL-02250217-375,False,"",01
SULL-02250217-377,False,False,01
SULL-02250217-378,False,"",01
SULL-02250217-379,False,"",01
SULL-02250217-380,False,"",01
SULL-02250217-525,False,"",05
SULL-02250217-526,False,"",06
SULL-02250217-566,False,"",04
SULL-02250217-567,False,"",04
SULL-02250217-568,False,"",04
SULL-02250217-569,False,"",04
SULL-02250217-670,False,"",01
SULL-02250217-677,False,"",01
SULL-02250217-678,False,"",01
SULL-02250217-685,"","",01
SULL-02250217-686,"","",01
SULL-02250217-691,"","",01
SULL-02250217-801,False,"",00
SULL-02250217-802,False,"",00
SULL-02250217-803,False,"",00
SULL-02250217-804,False,"",00
SULL-02250217-805,False,"",00
SULL-02250217-806,False,"",00
SULL-02250217-851,False,"",04
SULL-02250217-871,False,"",04
SULL-02250217-872,False,"",04
SULL-02250219-329,False,"",01
SULL-02250219-447,False,"",00
SULL-02250219-995,"","",01
SULL-02250220-098,"","",03
SULL-02250220-105,"","",01
SULL-02250220-107,"","",01
SULL-02250220-108,"","",02
SULL-02250220-109,False,"",02
SULL-02250220-990,False,"",03
SULL-02250221-041,False,"",02
SULL-02250221-042,False,"",02
SULL-02250221-043,False,"",02
SULL-02250221-044,False,"",02
SULL-02250221-400,"",False,""
SULL-02250221-650,False,"",02
SULL-02250222-466,False,"",04
SULL-02250222-467,False,"",04
SULL-02250222-469,False,"",04
SULL-02250222-598,False,"",05
SULL-02250222-747,False,"",04
SULL-02250222-796,False,"",02
SULL-02250222-941,False,False,04
SULL-02250222-942,False,"",04
SULL-02250222-943,False,"",02
SULL-02250222-944,False,"",02
SULL-02250223-021,False,"",01
SULL-02250223-022,False,"",01
SULL-02250223-023,False,"",01
SULL-02250223-170,"","",00
SULL-02250223-173,False,"",01
SULL-02250223-175,"","",01
SULL-02250223-179,False,"",01
SULL-02250223-181,False,"",01
SULL-02250223-637,False,"",01
SULL-02250223-681,False,False,02
SULL-02250223-743,False,"",07
SULL-02250223-745,False,"",03
SULL-02250223-746,False,"",05
SULL-02250223-748,False,"",05
SULL-02250223-752,False,"",04
SULL-02250223-806,False,"",03
SULL-02250223-813,False,"",05
SULL-02250224-487,False,"",04
SULL-02250224-599,"",False,0
SULL-02250225-451,False,"",04
SULL-02250225-610,False,"",03
SULL-02250225-677,"",False,03
SULL-02250225-678,"","",03
SULL-02250225-679,"","",03
SULL-02250225-680,"","",03
SULL-02250225-977,False,"",01
SULL-02250226-461,"","",06
SULL-02250226-575,"","",03
SULL-02250226-738,False,"",04
SULL-02250230-077,False,"",02
SULL-02250230-134,False,"",01
SULL-02250230-580,False,"",01
SULL-02250231-006,False,"",00
SULL-02250231-076,False,"",01
SULL-02250231-239,False,False,02
SULL-02250231-241,False,False,00
SULL-02250231-346,False,"",00
SULL-02250231-368,False,"",00
SULL-02250231-376,False,"",00
SULL-02250231-483,False,"",01
SULL-02250231-940,False,"",02
SULL-02250231-966,"",False,0
SULL-02250232-035,False,False,01
SULL-02250232-305,False,"",05
SULL-02250232-508,False,"",02
SULL-02250232-509,False,"",02
SULL-02250232-765,False,"",01
SULL-02250232-767,False,"",01
SULL-02250232-768,False,"",01
SULL-02250232-814,False,"",05
SULL-02250233-379,False,"",03
SULL-02250233-380,False,"",03
SULL-02250233-381,False,"",03
SULL-02250233-382,False,"",03
SULL-02250234-047,False,"",05
SULL-02250234-387,"",False,""
SULL-02250234-406,"",False,""
SULL-02250234-407,"",False,""
SULL-02250234-424,"","",00
SULL-02250234-426,"","",00
SULL-02250234-427,"","",00
SULL-02250235-260,"","",00
SULL-02250235-262,"","",00
SULL-02250237-439,False,"",06
SULL-02250237-682,False,"",01
SULL-02250237-746,False,"",00
SULL-02250237-748,False,"",00
SULL-02250237-749,False,"",00
SULL-02250237-750,False,"",00
SULL-02250237-757,False,"",00
SULL-02250237-772,False,"",00
SULL-02250237-776,False,"",00
SULL-02250237-778,False,"",00
SULL-02250237-780,False,"",00
SULL-02250237-784,False,"",00
SULL-02250237-786,False,"",00
SULL-02250239-526,False,"",00
SULL-02250239-527,False,"",00
SULL-02250239-528,False,"",00
SULL-02250240-934,False,"",00
SULL-02250240-937,False,"",00
SULL-02250240-938,"",False,0
SULL-02250240-939,False,"",00
SULL-02250240-942,False,"",00
SULL-02250240-943,"",False,0
SULL-02250240-944,False,"",00
SULL-02250240-946,False,"",00
SULL-02250240-947,False,"",01
SULL-02250240-948,False,"",00
SULL-02250241-108,False,"",01
SULL-02250243-595,False,"",00
SULL-02250243-596,False,"",00
SULL-02250243-597,False,"",00
SULL-02250244-601,False,"",00
SULL-02250244-602,"","",00
SULL-02250244-603,False,"",00
SULL-02250245-407,False,"",00
SULL-02250245-408,False,"",00
SULL-02250246-664,False,"",01
SULL-02250247-454,False,"",00
SULL-02250248-486,False,"",00
SULL-02250249-199,"",False,0
SULL-02250249-205,False,False,0
SULL-02250249-208,"",False,0
SULL-02250249-318,"",False,0
SULL-02250249-364,False,"",00
SULL-02250249-384,"",False,0
SULL-02250249-400,"",False,0
SULL-02250249-411,"",False,0
SULL-02250249-457,False,"",01
SULL-02250249-578,"","",01
SULL-02250249-624,"","",01
SULL-02250249-715,False,"",01
SULL-02250249-746,"",False,0
SULL-02250249-807,"","",00
SULL-02250250-444,"","",00
SULL-02250250-639,False,"",00
SULL-02250250-640,False,"",00
SULL-02250250-642,False,"",00
SULL-02250250-643,False,"",00
SULL-02250250-644,False,"",00
SULL-02250250-646,False,"",00
SULL-02250250-648,False,"",00
SULL-02250250-690,"","",00
SULL-02250250-691,False,"",00
SULL-02250250-692,"","",00
SULL-02250250-693,"","",01
SULL-02250250-694,"","",00
SULL-02250250-695,"","",00
SULL-02250250-696,"","",00
SULL-02250250-698,False,"",00
SULL-02250250-702,"","",00
SULL-02250250-703,False,"",00
SULL-02250250-704,"","",00
SULL-02250250-705,"","",01
SULL-02250250-706,"","",00
SULL-02250250-708,"","",00
SULL-02250250-709,"","",00
SULL-02250250-710,False,"",00
SULL-02250250-712,"","",00
SULL-02250250-713,False,"",00
SULL-02250250-714,"","",00
SULL-02250250-715,"","",01
SULL-02250250-716,"","",00
SULL-02250250-717,"","",00
SULL-02250250-718,"","",00
SULL-02250250-719,False,"",00
SULL-02250250-721,"","",00
SULL-02250250-722,False,"",00
SULL-02250250-723,"","",00
SULL-02250250-724,"","",01
SULL-02250250-725,"","",00
SULL-02250250-726,"","",00
SULL-02250250-727,"","",00
SULL-02250250-729,False,"",00
SULL-02250250-731,"","",00
SULL-02250250-732,False,"",00
SULL-02250250-733,"","",00
SULL-02250250-736,"","",01
SULL-02250250-737,"","",00
SULL-02250250-738,"","",00
SULL-02250250-739,"","",00
SULL-02250250-740,False,"",00
SULL-02250251-507,"",False,0
SULL-02250251-508,"",False,0
SULL-02250251-602,"",False,0
SULL-02250251-983,False,False,0
SULL-02250251-989,"",False,0
SULL-02250252-587,False,False,0
SULL-02250252-591,False,False,0
SULL-02250252-606,"",False,0
SULL-02250252-616,"",False,0
SULL-02250252-637,"",False,0
SULL-02250254-752,False,False,0
SULL-02250255-507,False,False,0
SULL-02250255-509,False,False,0
SULL-02250261-787,"",False,0
SULL-027055,False,"",05
SULL-027056,False,"",05
SULL-1-02250170-208,"","",""
SULL-222607,False,"",05
SULL-2250232-767,"",False,0
SULL-250008-247,False,"",03
SULL-250015-325,False,"",08
SULL-250025-915,False,"",11
SULL-250031-749,False,"",02
SULL-250034-316,False,"",03
SULL-250039-368,False,"",02
SULL-250039-904,False,"",04
SULL-GR-02250164-880,"",False,01
SULL-I-02250113-686,"",False,04
SULL-I-02250154-667,False,False,06
SULL-I-02250155-824,False,False,06
SULL-I-02250155-825,False,False,05
SULL-I-02250160-373,"",False,""
SULL-I-02250160-374,False,False,05
SULL-I-02250160-375,"",False,04
SULL-I-02250160-378,"",False,04
SULL-I-02250160-379,"",False,10
SULL--I-02250160-566,"","",02
SULL-I-02250160-566,"",False,02
SULL-I-02250164-026,"",False,04
SULL-I-02250170-201,False,False,00
SULL-I-02250170-202,"",False,01
SULL-I-02250170-203,False,False,01
SULL-I-02250170-205,False,False,01
SULL-I-02250170-206,"",False,01
SULL-I-02250170-207,"",False,01
SULL-I-02250170-208,False,False,01
SULL-I-02250170-211,False,False,02
SULL-I-02250174-280,"",False,06
SULL-I-02250208-165,"",False,""
SULL-I-02250208-986,"",False,01
SULL-I-02250214-919,False,False,01
SULL-I-02250221-400,"",False,00
SULL-I-02250221-401,"",False,00
SULL-I-02250223-752,"",False,04
SULL-I-02250231-483,"",False,01
TEST,False,"",0
